Chicago,Cook
Aurora,Kane
Rockford,Winnebago
Joliet,Will
Naperville,DuPage
Springfield,Sangamon
Peoria,Peoria
Elgin,Kane
Waukegan,Lake
Cicero,Cook
Champaign,Champaign
Bloomington,McLean
Decatur,Macon
Arlington Heights,Cook
Evanston,Cook
Schaumburg,Cook
Bolingbrook,Will
Palatine,Cook
Skokie,Cook
Des Plaines,Cook
Orland Park,Cook
Tinley Park,Cook
Oak Lawn,Cook
Berwyn,Cook
Mount Prospect,Cook
Wheaton,DuPage
Normal,McLean
Hoffman Estates,Cook
Oak Park,Cook
Downers Grove,DuPage
Glenview,Cook
Belleville,St. Clair
Elmhurst,DuPage
DeKalb,DeKalb
Moline,Rock Island
Lombard,DuPage
Buffalo Grove,Lake
Urbana,Champaign
Bartlett,Cook
Crystal Lake,McHenry
Quincy,Adams
Streamwood,Cook
Carol Stream,DuPage
Romeoville,Will
Plainfield,Will
Rock Island,Rock Island
Hanover Park,Cook
Carpentersville,Kane
Wheeling,Cook
Park Ridge,Cook
Calumet City,Cook
Addison,DuPage
Glendale Heights,DuPage
Pekin,Tazewell
Northbrook,Cook
Elk Grove Village,Cook
Danville,Vermilion
St. Charles,Kane
Woodridge,DuPage
North Chicago,Lake
Galesburg,Knox
Gurnee,Lake
Mundelein,Lake
Oswego,Kendall
Chicago Heights,Cook
Algonquin,McHenry
Granite City,Madison
Niles,Cook
Highland Park,Lake
Lake in the Hills,McHenry
Burbank,Cook
Lansing,Cook
O'Fallon,St. Clair
Round Lake Beach,Lake
Oak Forest,Cook
Alton,Madison
Kankakee,Kankakee
Glen Ellyn,DuPage
Wilmette,Cook
West Chicago,DuPage
East St. Louis,St. Clair
McHenry,McHenry
Batavia,Kane
Carbondale,Jackson
Freeport,Stephenson
Belvidere,Boone
Collinsville,Madison
Melrose Park,Cook
Harvey,Cook
Vernon Hills,Lake
Elmwood Park,Cook
Lockport,Will
Woodstock,McHenry
Westmont,DuPage
Zion,Lake
New Lenox,Will
Edwardsville,Madison
Huntley,McHenry
Homer Glen,Will
Rolling Meadows,Cook
Maywood,Cook
Loves Park,Winnebago
Blue Island,Cook
Machesney Park,Winnebago
East Peoria,Tazewell
Morton Grove,Cook
Dolton,Cook
Roselle,DuPage
Lisle,DuPage
Darien,DuPage
South Holland,Cook
Bloomingdale,DuPage
South Elgin,Kane
Park Forest,Cook
Villa Park,DuPage
Charleston,Coles
Geneva,Kane
East Moline,Rock Island
Grayslake,Lake
Crest Hill,Will
Libertyville,Lake
Evergreen Park,Cook
Lake Zurich,Lake
Jacksonville,Morgan
Lake Forest,Lake
Homewood,Cook
Macomb,McDonough
Alsip,Cook
Bellwood,Cook
Matteson,Cook
Brookfield,Cook
Ottawa,LaSalle
Mokena,Will
Bourbonnais,Kankakee
Mattoon,Coles
Montgomery,Kane
Bensenville,DuPage
Franklin Park,Cook
Round Lake,Lake
Cary,McHenry
Deerfield,Cook
Godfrey,Madison
Frankfort,Will
Sycamore,DeKalb
Palos Hills,Cook
Marion,Williamson
Fairview Heights,St. Clair
Yorkville,Kendall
Hinsdale,Cook
North Aurora,Kane
