Merritt,Bay
Sciota,Shiawassee
Kingston,Tuscola
Grant,Mason
Bay De Noc,Delta
Sheridan,Mason
Gilford,Tuscola
Vernon,Shiawassee
Ensign,Delta
Cornell,Delta
Champion,Marquette
Kawkawlin,Bay
Garden,Delta
Fairbanks,Delta
Ford River,Delta
Lennon,Shiawassee
Maple Ridge,Delta
Masonville,Delta
Nahma,Delta
Wells,Delta
Escanaba,Delta
Ely,Marquette
Monitor Charter,Bay
York Charter,Washtenaw
Branch,Mason
Breitung Charter,Dickinson
Meade,Mason
Eden,Mason
Gibson,Bay
Logan,Mason
Custer,Mason
Summit,Mason
Norway,Dickinson
Amber,Mason
Hiawatha,Schoolcraft
Brookfield,Eaton
Carsonville,Sanilac
Carmel,Eaton
Seney,Schoolcraft
Riverton,Mason
Onota,Alger
Hamlin,Mason
Minden,Sanilac
Victory,Mason
Austin,Mecosta
Morton,Mecosta
Sheridan,Mecosta
Kalamo,Eaton
Colfax,Mecosta
Martiny,Mecosta
Ludington,Mason
Mt Forest,Bay
Barryton,Mecosta
Mecosta,Mecosta
Port Sanilac,Sanilac
Windsor Charter,Eaton
Forsyth,Marquette
Bay City,Bay
Aetna,Mecosta
Chippewa,Mecosta
Scottville,Mason
Auburn,Bay
Rock River,Alger
Grant,Mecosta
Mulliken,Eaton
Millen,Alcona
Negaunee,Marquette
Richmond,Marquette
Williams Charter,Bay
Big Rapids,Mecosta
Bliss,Emmet
Big Rapids Charter,Mecosta
Center,Emmet
Essexville,Bay
Green Charter,Mecosta
Fork,Mecosta
Stanwood,Mecosta
Portsmouth Charter,Bay
Wheatland,Mecosta
Millbrook,Mecosta
Manistique,Schoolcraft
Pleasantview,Emmet
Brown City,Sanilac
Morley,Mecosta
Hinton,Mecosta
Fountain,Mason
Deerfield,Mecosta
Applegate,Sanilac
Moore,Sanilac
Springvale,Emmet
Sands,Marquette
Harris,Menominee
Wilmot,Cheboygan
Homer,Midland
Harbor Springs,Emmet
Humboldt,Marquette
Hope,Midland
Stephenson,Menominee
Forest,Cheboygan
Larkin Charter,Midland
Daggett,Menominee
Davison,Genesee
Frankenlust,Bay
Edenville,Midland
Flint Charter,Genesee
Lexington,Sanilac
Mellen,Menominee
Spalding,Menominee
Geneva,Midland
Jasper,Midland
Nadeau,Menominee
Meyer,Menominee
Ingersoll,Midland
Greendale,Midland
Lee,Midland
Powers,Menominee
Gourley,Menominee
Menominee,Menominee
Warren,Midland
Aloha,Cheboygan
Riverside,Missaukee
West Branch,Missaukee
Clio,Genesee
Ovid,Clinton
Clam Union,Missaukee
Norwich,Missaukee
Flint,Genesee
Ash,Monroe
Midland Charter,Midland
Coleman,Midland
Pioneer,Missaukee
Erie,Monroe
Caldwell,Missaukee
Mills,Midland
Dundee,Monroe
Sanborn,Alpena
Wayland,Allegan
Munising,Alger
Marcellus,Cass
Alpena,Alpena
Reeder,Missaukee
Mcbain,Missaukee
Butterfield,Missaukee
Midland,Midland
Mt Haley,Midland
Holland,Missaukee
Forest,Missaukee
Berlin Charter,Monroe
Bloomfield,Missaukee
Lake City,Missaukee
Richland,Missaukee
Sanford,Midland
Bedford,Monroe
Manlius,Allegan
Lake,Missaukee
Porter,Midland
Enterprise,Missaukee
Milan,Monroe
Luna Pier,Monroe
Stanton,Montcalm
Richland,Montcalm
Day,Montcalm
Albion,Calhoun
Gladwin,Gladwin
Lincoln,Alcona
Briley,Montmorency
Dundee,Monroe
Erwin,Gogebic
Ironwood Charter,Gogebic
Bloomer,Montcalm
Fairplain,Montcalm
Frenchtown Charter,Monroe
Penn,Cass
Monroe Charter,Monroe
Evergreen,Montcalm
Bessemer,Gogebic
Sidney,Montcalm
Bushnell,Montcalm
Montcalm,Montcalm
Greenville,Montcalm
Ida,Monroe
Maple Valley,Montcalm
Pierson,Montcalm
Lakeview,Montcalm
South Rockwood,Monroe
Milton,Cass
Cato,Montcalm
Howard City,Montcalm
Saline,Washtenaw
Eureka Charter,Montcalm
Manistique,Schoolcraft
Peninsula,Grand Traverse
Sandusky,Sanilac
Wheatland,Sanilac
Sanilac,Sanilac
Forestville,Sanilac
Ontwa,Cass
Cheshire,Allegan
Marlette,Sanilac
Ganges,Allegan
Inwood,Schoolcraft
Manchester,Washtenaw
Doyle,Schoolcraft
Owosso Charter,Shiawassee
Elba,Gratiot
Ellington,Tuscola
Arbela,Tuscola
Hamilton,Gratiot
Worth,Sanilac
North Star,Gratiot
Curtis,Alcona
Raisinville,Monroe
Winfield,Montcalm
Speaker,Sanilac
Lasalle,Monroe
Pine,Montcalm
Deckerville,Sanilac
Albert,Montmorency
Maybee,Monroe
Hazelton,Shiawassee
Home,Montcalm
Rush,Shiawassee
Juniata,Tuscola
Elmwood,Tuscola
Chestonia,Antrim
Freedom,Washtenaw
Monroe,Monroe
Edmore,Montcalm
Carson City,Montcalm
Crystal,Montcalm
Watson,Allegan
Summerfield,Monroe
Reynolds,Montcalm
Ferris,Montcalm
Avery,Montmorency
Belvidere,Montcalm
London,Monroe
Pierson,Montcalm
Estral Beach,Monroe
Dalton,Muskegon
Dayton,Newaygo
Webster,Washtenaw
Muskegon,Muskegon
Beaver,Newaygo
Holton,Muskegon
Sullivan,Muskegon
Garfield,Newaygo
Whitehall,Muskegon
Whitehall,Muskegon
Ravenna,Muskegon
Cedar Creek,Muskegon
Fruitport Charter,Muskegon
Camden,Hillsdale
Allen,Hillsdale
Reading,Hillsdale
Waldron,Hillsdale
Croton,Newaygo
Montmorency,Montmorency
Lakewood Club,Muskegon
White River,Muskegon
Ensley,Newaygo
Owosso,Shiawassee
Fairfield,Shiawassee
Adams,Houghton
Tuscola,Tuscola
Norton Shores,Muskegon
Woodhull,Shiawassee
Fruitland,Muskegon
Waverly,Cheboygan
Blue Lake,Muskegon
Elm River,Houghton
Hopkins,Allegan
Bridgeton,Newaygo
Rust,Montmorency
Marcellus,Cass
Ashland,Newaygo
Grant,Newaygo
Watertown,Tuscola
Muskegon Charter,Muskegon
Portage Charter,Houghton
Akron,Tuscola
Montague,Muskegon
Fruitport,Muskegon
Mayville,Tuscola
Lawton,Van Buren
Denver,Newaygo
Brooks,Newaygo
Torch Lake,Houghton
Hancock,Houghton
North Muskegon,Muskegon
Hamilton,Van Buren
Barton,Newaygo
Casnovia,Muskegon
Ravenna,Muskegon
Calvin,Cass
Vienna,Montmorency
Goodwell,Newaygo
Volinia,Cass
Laketon,Muskegon
Home,Newaygo
Vandalia,Cass
,
Norwich,Newaygo
Bingham,Huron
Bloomfield,Huron
Fremont,Newaygo
Caseville,Huron
Milford Charter,Oakland
Novi,Oakland
Highland Charter,Oakland
Gore,Huron
Fairhaven Township,Huron
Rose,Oakland
South Haven,Van Buren
Hartford,Van Buren
Mason,Cass
Mckinley,Huron
Meade,Huron
Sheridan Charter,Newaygo
Port Austin,Huron
Rubicon,Huron
Sand Beach,Huron
Oxford Charter,Oakland
Holly,Oakland
Sherman,Huron
Fennville,Allegan
Waterford Charter,Oakland
Wilcox,Newaygo
White Cloud,Newaygo
Lincoln,Newaygo
Brandon Charter,Oakland
Independence Charter,Oakland
Orion Charter,Oakland
Newaygo,Newaygo
Pigeon,Huron
Sebewaing,Huron
Ubly,Huron
Sherman,Newaygo
Merrill,Newaygo
Aurelius,Ingham
Commerce Charter,Oakland
Grant,Newaygo
Columbia,Van Buren
Oakland Charter,Oakland
Wells,Tuscola
Mullett,Cheboygan
Lyon Charter,Oakland
Troy,Newaygo
Martin,Allegan
Royal Oak Charter,Oakland
Groveland,Oakland
East Jordan,Charlevoix
Locke,Ingham
Monroe,Newaygo
Burt,Cheboygan
Addison,Oakland
Hazel Park,Oakland
Cass City,Tuscola
Southfield,Oakland
City Of Lathrup Village,Oakland
White Oak,Ingham
Arthur,Clare
Pontiac,Oakland
Dewitt,Clinton
Wixom,Oakland
Paw Paw,Van Buren
Bloomingdale,Van Buren
Covert,Van Buren
Mason,Ingham
Kingston,Tuscola
Unionville,Tuscola
Auburn Hills,Oakland
Lawrence,Van Buren
Dansville,Ingham
Wisner,Tuscola
Webberville,Ingham
Clawson,Oakland
Waverly,Van Buren
Walled Lake,Oakland
Gobles,Van Buren
Saline,Washtenaw
Rochester,Oakland
Holly,Oakland
Campbell,Ionia
Convis,Calhoun
Ferndale,Oakland
Ionia,Ionia
Lake Angelus,Oakland
Berkley,Oakland
Franklin,Oakland
Lake Orion,Oakland
Homer,Calhoun
Oak Park,Oakland
Odessa,Ionia
Troy,Oakland
Keego Harbor,Oakland
Farmington,Oakland
Orchard Lake Village,Oakland
Novi,Oakland
Ionia,Ionia
Clarksville,Ionia
Bingham Farms,Oakland
Newton,Calhoun
Adams,Arenac
Arenac,Arenac
Huntington Woods,Oakland
Sylvan Lake,Oakland
Freeman,Clare
Royal Oak,Oakland
Baldwin,Iosco
Beverly Hills,Oakland
Oscoda Charter,Iosco
Bloomfield Hills,Oakland
Goodar,Ogemaw
Logan,Ogemaw
Weare,Oceana
Lake Ann,Benzie
Leavitt,Oceana
Thompsonville,Benzie
Caledonia,Alcona
Benzonia,Benzie
Whittemore,Iosco
Pentwater,Oceana
Colfax,Oceana
Milford,Oakland
Almira,Benzie
Claybanks,Oceana
Newfield,Oceana
Beulah,Benzie
Golden,Oceana
Colfax,Benzie
Inland,Benzie
Shelby,Oceana
Ortonville,Oakland
Ferry,Oceana
Grant,Oceana
Mastodon,Iron
Stambaugh,Iron
Platte,Benzie
Elberta,Benzie
Hesperia,Oceana
Gaastra,Iron
Standish,Arenac
Turner,Arenac
Benona,Oceana
Homestead,Benzie
Walkerville,Oceana
Otto,Oceana
Oxford,Oakland
Shelby,Oceana
Weldon,Benzie
Arlington,Van Buren
Deerfield,Isabella
Lake,Benzie
Elbridge,Oceana
Gilmore,Benzie
Decatur,Van Buren
Sherman,Isabella
Hart,Oceana
Pentwater,Oceana
Honor,Benzie
Ovid,Clinton
Blaine,Benzie
Wise,Isabella
Lee,Allegan
Hart,Oceana
Crystal,Oceana
Rosebush,Isabella
Shepherd,Isabella
Omer,Arenac
Frankfort,Benzie
Wolverine Lake,Oakland
Rothbury,Oceana
Tekonsha,Calhoun
Turner,Arenac
Bohemia,Ontonagon
Carp Lake,Ontonagon
Rose,Ogemaw
Matchwood,Ontonagon
Churchill,Ogemaw
Hill,Ogemaw
Interior,Ontonagon
Manton,Wexford
Stannard,Ontonagon
Klacking,Ogemaw
Twining,Arenac
Richland,Ogemaw
Norvell,Jackson
Cumming,Ogemaw
Rockland,Ontonagon
Colfax,Wexford
Bertrand,Berrien
West Branch,Ogemaw
Bergland,Ontonagon
Haight,Ontonagon
Victor,Clinton
Horton,Ogemaw
Edwards,Ogemaw
Rose City,Ogemaw
Ontonagon,Ontonagon
Mills,Ogemaw
Greenland,Ontonagon
Berrien,Berrien
Springport,Jackson
Bainbridge,Berrien
Mcmillan,Ontonagon
Baroda,Berrien
Foster,Ogemaw
West Branch,Ogemaw
Kalamazoo Charter,Kalamazoo
Evart,Osceola
Prairie Ronde,Kalamazoo
Leroy,Osceola
Corwith,Otsego
Orient,Osceola
Paw Paw,Van Buren
Galesburg,Kalamazoo
Parchment,Kalamazoo
Buchanan,Berrien
Hartwick,Osceola
Hagar,Berrien
Schoolcraft,Kalamazoo
Climax,Kalamazoo
Richland,Kalamazoo
Evart,Osceola
Comins,Oscoda
Highland,Osceola
Middle Branch,Osceola
Elmer,Oscoda
Rose Lake,Osceola
Reed City,Osceola
Galien,Berrien
Marion,Osceola
Wayne,Cass
Chikaming,Berrien
Wayne,Wayne
Lawrence,Van Buren
Rapid River,Kalkaska
Kalkaska,Kalkaska
Reese,Tuscola
Fairgrove,Tuscola
Breedsville,Van Buren
Bagley,Otsego
Burdell,Osceola
Coloma Charter,Berrien
Bowne,Kent
Caro,Tuscola
Hartford,Van Buren
Richmond,Osceola
Big Creek,Oscoda
Lincoln,Osceola
Charlton,Otsego
Hersey,Osceola
Mentor,Oscoda
Lake Charter,Berrien
Sherman,Osceola
Cedar,Osceola
Bangor,Van Buren
New Buffalo,Berrien
Robinson,Ottawa
St Joseph Charter,Berrien
Spring Lake,Ottawa
Crockery,Ottawa
Olive,Ottawa
Zeeland Charter,Ottawa
Spencer,Kent
Gaylord,Otsego
Wright,Ottawa
East Grand Rapids,Kent
Grand Rapids,Kent
Grandville,Kent
Park,Ottawa
Holland,Ottawa
Oronoko Charter,Berrien
Elmira,Otsego
Grand Haven,Ottawa
Wyoming,Kent
Hudsonville,Ottawa
Antwerp,Van Buren
Arvon,Baraga
Baraga,Baraga
Grand Haven Charter,Ottawa
L'anse,Baraga
Polkton Charter,Ottawa
Fillmore,Allegan
Tallmadge Charter Township,Ottawa
Grant,Keweenaw
Eagle Harbor,Keweenaw
Sherman,Keweenaw
Ahmeek,Keweenaw
Blendon,Ottawa
Vanderbilt,Otsego
Zeeland,Ottawa
Ypsilanti,Washtenaw
Holland Charter,Ottawa
Georgetown Charter,Ottawa
Ferrysburg,Ottawa
Allendale Charter,Ottawa
Royalton,Berrien
Port Sheldon,Ottawa
Niles Charter,Berrien
Spring Lake,Ottawa
Coopersville,Ottawa
Jamestown Charter,Ottawa
Northfield,Washtenaw
Livingston,Otsego
Luther,Lake
Sodus,Berrien
Bridgman,Berrien
Belknap,Presque Isle
Metz,Presque Isle
Three Oaks,Berrien
Buchanan,Berrien
Goodland,Lapeer
Lima,Washtenaw
Pulawski,Presque Isle
Lapeer,Lapeer
Bearinger,Presque Isle
Krakow,Presque Isle
Lapeer,Lapeer
Watervliet Charter,Berrien
Weesaw,Berrien
Clifford,Lapeer
Ocqueoc,Presque Isle
Coloma,Berrien
Bismarck,Presque Isle
Posen,Presque Isle
Moltke,Presque Isle
Rogers,Presque Isle
New Buffalo,Berrien
Denton,Roscommon
Albee,Saginaw
Glen Arbor,Leelanau
James,Saginaw
Birch Run,Saginaw
Lake,Roscommon
Suttons Bay,Leelanau
Leelanau,Leelanau
Leland,Leelanau
Roscommon,Roscommon
St Charles,Saginaw
Onaway,Presque Isle
Adrian Charter,Lenawee
Niles,Berrien
Brady,Saginaw
Watervliet,Berrien
Deerfield,Lenawee
Chapin,Saginaw
Higgins,Roscommon
Lakefield,Saginaw
Fairfield,Lenawee
Rogers City,Presque Isle
Carrollton,Saginaw
Chesaning,Saginaw
Macon,Lenawee
Sylvan,Washtenaw
Saginaw Charter,Saginaw
Nester,Roscommon
Baroda,Berrien
Richland,Saginaw
Berrien Springs,Berrien
St Joseph,Berrien
Jonesfield,Saginaw
Millersburg,Presque Isle
Swan Creek,Saginaw
Richfield,Roscommon
Markey,Roscommon
Buena Vista Charter,Saginaw
Gerrish,Roscommon
Seneca,Lenawee
Marion,Saginaw
Kochville,Saginaw
Blumfield,Saginaw
Au Sable,Roscommon
Fremont,Saginaw
Bridgeport Charter,Saginaw
Belleville,Wayne
Adrian,Lenawee
Roscommon,Roscommon
Addison,Lenawee
Spaulding,Saginaw
Lyon,Roscommon
Britton,Lenawee
Michiana,Berrien
Onsted,Lenawee
Brockway,St Clair
Taymouth,Saginaw
Burt,Alger
Saginaw,Saginaw
Burtchville,St Clair
Chesaning,Saginaw
St Charles,Saginaw
Thomas,Saginaw
Three Oaks,Berrien
Deerfield,Livingston
Casco,St Clair
Zilwaukee,Saginaw
Tittabawassee,Saginaw
Stevensville,Berrien
Grand Beach,Berrien
China Charter,St Clair
Birch Run,Saginaw
Berlin,St Clair
Shoreham,Berrien
Clyde,St Clair
Harper Woods,Wayne
Ecorse,Wayne
Hartland,Livingston
South Haven Charter,Van Buren
Iosco,Livingston
Fort Gratiot Charter,St Clair
Kimball,St Clair
Allegan,Allegan
Millington,Tuscola
Mattawan,Van Buren
Riley,St Clair
Port Huron,St Clair
Constantine,St Joseph
Columbus,St Clair
Decatur,Van Buren
Grant,St Clair
Pinckney,Livingston
St Clair,St Clair
Kenockee,St Clair
Keeler,Van Buren
Port Huron Charter,St Clair
Grand Island,Alger
Cottrellville,St Clair
Algonac,St Clair
Yale,St Clair
Burr Oak,St Joseph
Geneva,Van Buren
Brevort,Mackinac
Bois Blanc,Mackinac
Clark,Mackinac
Garfield,Mackinac
Hendricks,Mackinac
Gagetown,Tuscola
Mussey,St Clair
Newton,Mackinac
Marquette,Mackinac
Moran,Mackinac
Greenwood,St Clair
Portage,Mackinac
St Ignace,Mackinac
Mackinac Island,Mackinac
East China Charter,St Clair
Marine City,St Clair
Dorr,Allegan
Porter,Van Buren
Bloomingdale,Van Buren
Armada,Macomb
Vassar,Tuscola
Wales,St Clair
Clinton Charter,Macomb
Harrison Charter,Macomb
Lenox,Macomb
Fawn River,St Joseph
Lynn,St Clair
Capac,St Clair
Almena,Van Buren
Ira,St Clair
Shelby Charter,Macomb
Fabius,St Joseph
Marysville,St Clair
Emmett,St Clair
Florence,St Joseph
Mottville,St Joseph
Marion,Sanilac
Richmond,Macomb
St Clair Shores,Macomb
Custer,Sanilac
Centreville,St Joseph
Evergreen,Sanilac
Nottawa,St Joseph
Utica,Macomb
Elmer,Sanilac
Argyle,Sanilac
Sturgis,St Joseph
New Haven,Macomb
Armada,Macomb
Burr Oak,St Joseph
Leonidas,St Joseph
Fremont,Sanilac
Lamotte,Sanilac
Mendon,St Joseph
Austin,Sanilac
Elk,Sanilac
Perry,Shiawassee
Three Rivers,St Joseph
Munising,Alger
Lockport,St Joseph
Lexington,Sanilac
White Pigeon,St Joseph
Constantine,St Joseph
Novesta,Tuscola
Delaware,Sanilac
Bridgehampton,Sanilac
Maple Valley,Sanilac
Flynn,Sanilac
Casco,Allegan
Mendon,St Joseph
Colon,St Joseph
Marlette,Sanilac
Washington,Sanilac
Croswell,Sanilac
Almer,Tuscola
Bear Lake,Manistee
Bangor Charter,Bay
Chocolay Charter,Marquette
Beaver,Bay
Marquette Charter,Marquette
Bennington,Shiawassee
Powell,Marquette
Middlebury,Shiawassee
Wells,Marquette
Marquette,Marquette
Negaunee,Marquette
Fraser,Bay
Garfield,Bay
Hampton Charter,Bay
Augusta Charter,Washtenaw
Free Soil,Mason
Hawes,Alcona
Pere Marquette Charter,Mason
Sherman,Mason
Free Soil,Mason
Pinconning,Bay
Custer,Mason
Franklin,Clare
Greenwood,Clare
Essex,Clinton
Mecosta,Mecosta
Cedarville,Menominee
Pinconning,Bay
Faithorn,Menominee
Holmes,Menominee
Ingallston,Menominee
Lake,Menominee
Menominee,Menominee
Carney,Menominee
Daggett,Menominee
Stephenson,Menominee
Jerome,Midland
Beaver Creek,Crawford
Lincoln,Midland
Aetna,Missaukee
Exeter,Monroe
Whiteford,Monroe
Carleton,Monroe
Petersburg,Monroe
Eagle,Clinton
Chatham,Alger
Douglass,Montcalm
Fairgrove,Tuscola
Bancroft,Shiawassee
Mcbrides,Montcalm
Sheridan,Montcalm
Hillman,Montmorency
Loud,Montmorency
Maple Forest,Crawford
Hamilton,Clare
Eagle,Clinton
Grosse Pointe Park,Wayne
Hillman,Montmorency
Casnovia,Muskegon
Egelston,Muskegon
Moorland,Muskegon
Denmark,Tuscola
Frost,Clare
Montague,Muskegon
Muskegon Heights,Muskegon
Roosevelt Park,Muskegon
Big Prairie,Newaygo
Everett,Newaygo
Lilley,Newaygo
Bloomfield Charter,Oakland
Melvindale,Wayne
Southfield,Oakland
Springfield Charter Township,Oakland
Watertown Charter,Clinton
West Bloomfield Charter,Oakland
White Lake Charter,Oakland
Birmingham,Oakland
Village Of Clarkston,Oakland
Farmington Hills,Oakland
Madison Heights,Oakland
Lovells,Crawford
Harrison,Clare
South Branch,Crawford
Pleasant Ridge,Oakland
Rochester Hills,Oakland
South Lyon,Oakland
Leonard,Oakland
Benzonia,Benzie
Crystal Lake,Benzie
Joyfield,Benzie
Greenwood,Oceana
St Johns,Clinton
New Era,Oceana
Ogemaw,Ogemaw
Benton Charter,Berrien
Prescott,Ogemaw
Ontonagon,Ontonagon
Hersey,Osceola
Osceola,Osceola
Winterfield,Clare
Olive,Clinton
Redding,Clare
Westphalia,Clinton
Elsie,Clinton
Sylvan,Osceola
Duplain,Clinton
Leroy,Osceola
Marion,Osceola
Tustin,Osceola
Riverview,Wayne
Grosse Pointe Woods,Wayne
Clinton,Oscoda
Bingham,Clinton
Sumpter,Wayne
Inkster,Wayne
Greenwood,Oscoda
Hatton,Clare
Westphalia,Clinton
Lincoln Charter,Berrien
Hamtramck,Wayne
Chester,Otsego
Lebanon,Clinton
Grayling,Crawford
Grosse Pointe Farms,Wayne
Dover,Otsego
Hayes,Otsego
Farwell,Clare
Garfield,Clare
Otsego Lake,Otsego
Cherry Grove,Wexford
Surrey,Clare
Chester,Ottawa
Pipestone,Berrien
Sherwood,Branch
Butler,Branch
Matteson,Branch
Lodi,Washtenaw
Salem,Washtenaw
Barton Hills,Washtenaw
Manchester,Washtenaw
Benton Harbor,Berrien
Allis,Presque Isle
Case,Presque Isle
North Allis,Presque Isle
Presque Isle,Presque Isle
Posen,Presque Isle
Backus,Roscommon
Brant,Saginaw
Frankenmuth,Saginaw
Eau Claire,Berrien
Maple Grove,Saginaw
Galien,Berrien
Zilwaukee,Saginaw
Superior Charter,Washtenaw
Merrill,Saginaw
Oakley,Saginaw
Clay,St Clair
Chelsea,Washtenaw
St Clair,St Clair
Emmett,St Clair
Colon,St Joseph
Flowerfield,St Joseph
Park,St Joseph
Sherman,St Joseph
White Pigeon,St Joseph
Sturgis,St Joseph
Bridgewater,Washtenaw
Buel,Sanilac
Forester,Sanilac
Greenleaf,Sanilac
Watertown,Sanilac
Peck,Sanilac
Melvin,Sanilac
Minden City,Sanilac
Germfask,Schoolcraft
Melrose,Charlevoix
Mueller,Schoolcraft
Thompson,Schoolcraft
Antrim,Shiawassee
Boyne Valley,Charlevoix
Corunna,Shiawassee
Laingsburg,Shiawassee
Morrice,Shiawassee
New Lothrop,Shiawassee
Akron,Tuscola
Byron,Shiawassee
Pine Grove,Van Buren
Bangor,Van Buren
Ann Arbor Charter,Washtenaw
Lyndon,Washtenaw
Pittsfield Charter,Washtenaw
Scio,Washtenaw
Slagle,Wexford
Ann Arbor,Washtenaw
Quincy,Branch
Perry,Shiawassee
Grosse Ile,Wayne
Venice,Shiawassee
Algansee,Branch
Bronson,Branch
Detroit,Wayne
Marion,Charlevoix
Highland Park,Wayne
Chandler,Charlevoix
Northville,Wayne
Hanover,Wexford
Trenton,Wayne
Boon,Wexford
Westland,Wayne
Indianfields,Tuscola
Burns,Shiawassee
Batavia,Branch
Coldwater,Branch
Dayton,Tuscola
Bronson,Branch
Elkland,Tuscola
Millington,Tuscola
Girard,Branch
Harrietta,Wexford
Athens,Calhoun
Henderson,Wexford
Greenwood,Wexford
Union,Branch
Durand,Shiawassee
Koylton,Tuscola
Shiawassee,Shiawassee
Battle Creek,Calhoun
Burlington,Calhoun
Athens,Calhoun
New Haven,Shiawassee
Fremont,Tuscola
Ovid,Branch
Trowbridge,Allegan
Springville,Wexford
Leroy,Calhoun
Springfield,Calhoun
Eckford,Calhoun
Clarendon,Calhoun
Milan,Washtenaw
Charlevoix,Charlevoix
Hayes,Charlevoix
St James,Charlevoix
Peaine,Charlevoix
Norwood,Charlevoix
Sharon,Washtenaw
Benton,Cheboygan
Dexter,Washtenaw
Caledonia,Shiawassee
Hudson,Charlevoix
Wolverine,Cheboygan
Bay Mills,Chippewa
Salem,Allegan
Drummond Island,Chippewa
Detour,Chippewa
Clyde,Allegan
Fredonia,Calhoun
Sheridan,Clare
Monterey,Allegan
Bengal,Clinton
Dallas,Clinton
Riley,Clinton
Maple Rapids,Clinton
Vassar,Tuscola
South Range,Houghton
Haynes,Alcona
Davison,Genesee
Copemish,Manistee
Baldwin,Delta
Bark River,Delta
Grim,Gladwin
Escanaba,Delta
Felch,Dickinson
Brampton,Delta
North Branch,Lapeer
Gladstone,Delta
Delta Charter,Eaton
West Branch,Dickinson
Mancelona,Antrim
Eaton,Eaton
Adams,Hillsdale
Benton,Eaton
Garden,Delta
Laurium,Houghton
Waucedah,Dickinson
Sagola,Dickinson
Kingsford,Dickinson
Norway,Dickinson
Chester,Eaton
Potterville,Eaton
Breen,Dickinson
Bellevue,Eaton
Iron Mountain,Dickinson
Eaton Rapids,Eaton
Roxand,Eaton
Maple River,Emmet
Charlotte,Eaton
Carp Lake,Emmet
Little Traverse,Emmet
Littlefield,Emmet
Hamlin,Eaton
Sunfield,Eaton
Mckinley,Emmet
Readmond,Emmet
Olivet,Eaton
Vermontville,Eaton
Resort,Emmet
Swartz Creek,Genesee
Bear Creek,Emmet
Clayton Charter,Genesee
Friendship,Emmet
Eaton Rapids,Eaton
Grand Ledge,Eaton
Vermontville,Eaton
Linden,Genesee
Mikado,Alcona
Sunfield,Eaton
Dimondale,Eaton
Bellaire,Antrim
Cross Village,Emmet
Walton,Eaton
Wawatam,Emmet
Oneida Charter,Eaton
Bellevue,Eaton
Bourret,Gladwin
West Traverse,Emmet
Paris,Huron
Mitchell,Alcona
Argentine,Genesee
Burton,Genesee
Otisville,Genesee
Forest,Genesee
Alanson,Emmet
Mundy Charter,Genesee
Flushing,Genesee
Richfield,Genesee
Gaines,Genesee
Flushing Charter,Genesee
Fenton,Genesee
Elkton,Huron
Petoskey,Emmet
Mt Morris,Genesee
Grand Blanc Charter,Genesee
Thetford,Genesee
Montrose Charter,Genesee
Fenton Charter,Genesee
Genesee Charter,Genesee
Montrose,Genesee
Vienna Charter Township,Genesee
Atlas,Genesee
Goodrich,Genesee
Turin,Marquette
Grand Blanc,Genesee
Mt Morris Charter,Genesee
Pellston,Emmet
Gaines,Genesee
Alpena,Alpena
Ossineke,Alpena
Sherman,Gladwin
Tobacco,Gladwin
Grout,Gladwin
Green,Alpena
Hay,Gladwin
Billings,Gladwin
Harrisville,Alcona
Clement,Gladwin
Sage,Gladwin
Bentley,Gladwin
Lincoln,Huron
Wellington,Alpena
Long Rapids,Alpena
Fife Lake,Grand Traverse
Gladwin,Gladwin
Butman,Gladwin
Wilson,Alpena
Beaverton,Gladwin
Beaverton,Gladwin
Secord,Gladwin
Huron,Huron
Maple Ridge,Alpena
Buckeye,Gladwin
Long Lake,Grand Traverse
Bessemer,Gogebic
Union,Grand Traverse
Marenisco,Gogebic
Wakefield,Gogebic
Arcada,Gratiot
Bethany,Gratiot
Traverse City,Grand Traverse
Wakefield,Gogebic
Fulton,Gratiot
Fife Lake,Grand Traverse
East Bay,Grand Traverse
Green Lake,Grand Traverse
Emerson,Gratiot
Dwight,Huron
Watersmeet,Gogebic
Kingsley,Grand Traverse
Grant,Grand Traverse
Acme,Grand Traverse
Paradise,Grand Traverse
Garfield Charter,Grand Traverse
Blair,Grand Traverse
Whitewater,Grand Traverse
Ironwood,Gogebic
Mayfield,Grand Traverse
Wheeler,Gratiot
Amboy,Hillsdale
New Haven,Gratiot
Hillsdale,Hillsdale
Somerset,Hillsdale
Cambria,Hillsdale
Jordan,Antrim
Ashley,Gratiot
Custer,Antrim
Echo,Antrim
Lafayette,Gratiot
Pittsford,Hillsdale
Pine River,Gratiot
Hillsdale,Hillsdale
Wheatland,Hillsdale
Allen,Hillsdale
Washington,Gratiot
Newark,Gratiot
Moscow,Hillsdale
Kearney,Antrim
Ransom,Hillsdale
St Louis,Gratiot
Wright,Hillsdale
Banks,Antrim
Fayette,Hillsdale
Ithaca,Gratiot
Seville,Gratiot
Woodbridge,Hillsdale
Reading,Hillsdale
North Adams,Hillsdale
Central Lake,Antrim
Iron River,Iron
Forest Home,Antrim
Perrinton,Gratiot
Litchfield,Hillsdale
Alma,Gratiot
Litchfield,Hillsdale
Elk Rapids,Antrim
Camden,Hillsdale
Sumner,Gratiot
Jefferson,Hillsdale
Mancelona,Antrim
Scipio,Hillsdale
Breckenridge,Gratiot
Helena,Antrim
North Shade,Gratiot
Montgomery,Hillsdale
Duncan,Houghton
Osceola,Houghton
Torch Lake,Antrim
Central Lake,Antrim
Schoolcraft,Houghton
Copper City,Houghton
Quincy,Houghton
Lake Linden,Houghton
Laird,Houghton
Milton,Antrim
Franklin,Houghton
Warner,Antrim
Star,Antrim
Calumet Charter,Houghton
Houghton,Houghton
Grant,Huron
Hancock,Houghton
Calumet,Houghton
Chassell,Houghton
Stanton,Houghton
Colfax,Huron
Elk Rapids,Antrim
Lake,Huron
Brookfield,Huron
Hume,Huron
Chandler,Huron
Winsor,Huron
Owendale,Huron
Bunker Hill,Ingham
Ellsworth,Antrim
Leroy,Ingham
Sheridan,Huron
Verona,Huron
Oliver,Huron
Port Hope,Huron
Lansing Charter,Ingham
Leslie,Ingham
Alaiedon,Ingham
Harbor Beach,Huron
Port Austin,Huron
Caseville,Huron
Ingham,Ingham
Sigel,Huron
Sebewaing,Huron
Lake Odessa,Ionia
Delhi Charter,Ingham
Kinde,Huron
Stockbridge,Ingham
Saranac,Ionia
Pointe Aux Barques,Huron
Bad Axe,Huron
Stockbridge,Ingham
Meridian Charter,Ingham
North Plains,Ionia
Easton,Ionia
Keene,Ionia
Portland,Ionia
Onondaga,Ingham
Muir,Ionia
Williamstown,Ingham
Isabella,Isabella
Otisco,Ionia
Lyons,Ionia
Leslie,Ingham
Belding,Ionia
Portland,Ionia
Boston,Ionia
Orleans,Ionia
Vevay,Ingham
East Lansing,Ingham
Berlin,Ionia
Sebewa,Ionia
Williamston,Ingham
Pewamo,Ionia
Orange,Ionia
Lyons,Ionia
Lansing,Ingham
Hubbardston,Ionia
Ronald,Ionia
Fremont,Isabella
Danby,Ionia
Wheatfield,Ingham
Nottawa,Isabella
Plainfield,Iosco
Burleigh,Iosco
Wilber,Iosco
Lincoln,Arenac
Mason,Arenac
Tawas,Iosco
Sherman,Iosco
Au Gres,Arenac
Alabaster,Iosco
Clayton,Arenac
Tawas City,Iosco
Reno,Iosco
Grant,Iosco
Deep River,Arenac
Ausable Charter,Iosco
East Tawas,Iosco
Coldwater,Isabella
Rolland,Isabella
Bates,Iron
Mansfield,Iron
Whitney,Arenac
Gilmore,Isabella
Crystal Falls,Iron
Denver,Isabella
Crystal Falls,Iron
Sims,Arenac
Hematite,Iron
Lincoln,Isabella
Alpha,Iron
Vernon,Isabella
Chippewa,Isabella
Caspian,Iron
Mt Pleasant,Isabella
Broomfield,Isabella
Iron River,Iron
Au Gres,Arenac
Union Charter,Isabella
Concord,Jackson
Lake Isabella,Isabella
Coe,Isabella
Moffatt,Arenac
Hanover,Jackson
Pavilion,Kalamazoo
Tompkins,Jackson
Climax,Kalamazoo
Waterloo,Jackson
Napoleon,Jackson
Sandstone Charter Township,Jackson
Schoolcraft,Kalamazoo
Grass Lake,Jackson
Blackman Charter,Jackson
Comstock Charter,Kalamazoo
Spring Arbor,Jackson
Grass Lake Charter,Jackson
Liberty,Jackson
Oshtemo Charter,Kalamazoo
Brooklyn,Jackson
Standish,Arenac
Alamo,Kalamazoo
Ross,Kalamazoo
Parma,Jackson
Springport,Jackson
Richland,Kalamazoo
Leoni,Jackson
Columbia,Jackson
Cooper Charter,Kalamazoo
Sterling,Arenac
Brady,Kalamazoo
Wakeshma,Kalamazoo
Concord,Jackson
Pulaski,Jackson
Kalamazoo,Kalamazoo
Parma,Jackson
Henrietta,Jackson
Hanover,Jackson
Jackson,Jackson
Charleston,Kalamazoo
Summit,Jackson
Rives,Jackson
Texas Charter,Kalamazoo
Boardman,Kalkaska
Excelsior,Kalkaska
Vergennes,Kent
Alpine,Kent
Plainfield Charter,Kent
Tyrone,Kent
Garfield,Kalkaska
Cannon,Kent
Cascade Charter,Kent
Blue Lake,Kalkaska
Portage,Kalamazoo
Augusta,Kalamazoo
Vicksburg,Kalamazoo
Eden,Lake
Solon,Kent
Grattan,Kent
Grand Rapids Charter,Kent
Lowell Charter,Kent
Orange,Kalkaska
Almont,Lapeer
Ada,Kent
Sparta,Kent
Caledonia Charter,Kent
Coldsprings,Kalkaska
Ridgeway,Lenawee
Nelson,Kent
Oliver,Kalkaska
Covington,Baraga
Gaines Charter,Kent
Cedar Springs,Kent
Clearwater,Kalkaska
Oakfield,Kent
Byron,Kent
Kent City,Kent
Caledonia,Kent
Algoma,Kent
Bear Lake,Kalkaska
Courtland,Kent
Springfield,Kalkaska
Kalkaska,Kalkaska
Rockford,Kent
Sparta,Kent
Lowell,Kent
Walker,Kent
Kentwood,Kent
Sand Lake,Kent
Baraga,Baraga
L'anse,Baraga
Spurr,Baraga
Houghton,Keweenaw
Dover,Lake
Burnside,Lapeer
Allouez,Keweenaw
Sauble,Lake
Newkirk,Lake
Burlington,Lapeer
Oregon,Lapeer
Elba,Lapeer
Rich,Lapeer
Almont,Lapeer
Marathon,Lapeer
Lake,Lake
Pleasant Plains,Lake
Mayfield,Lapeer
Metamora,Lapeer
Yates,Lake
Arcadia,Lapeer
Dryden,Lapeer
Dryden,Lapeer
Pinora,Lake
Elk,Lake
Imlay City,Lapeer
Chase,Lake
Metamora,Lapeer
Autrain,Alger
Baldwin,Lake
Webber,Lake
Imlay,Lapeer
Peacock,Lake
Columbiaville,Lapeer
Deerfield,Lapeer
Attica,Lapeer
Ellsworth,Lake
North Branch,Lapeer
Hadley,Lapeer
Cherry Valley,Lake
Otter Lake,Lapeer
Sweetwater,Lake
Centerville,Leelanau
Maple Grove,Barry
Bingham,Leelanau
Kasson,Leelanau
Dover,Lenawee
Solon,Leelanau
Suttons Bay,Leelanau
Cleveland,Leelanau
Blissfield,Lenawee
Northport,Leelanau
Clinton,Lenawee
Elmwood Charter,Leelanau
Nashville,Barry
Cambridge,Lenawee
Empire,Leelanau
Medina,Lenawee
Clinton,Lenawee
Madison Charter,Lenawee
Empire,Leelanau
Columbia,Tuscola
Blissfield,Lenawee
Johnstown,Barry
Rome,Lenawee
Morenci,Lenawee
Hamburg,Livingston
Deerfield,Lenawee
Assyria,Barry
Tecumseh,Lenawee
Hastings Charter,Barry
Raisin Charter,Lenawee
Rollin,Lenawee
Conway,Livingston
Franklin,Lenawee
Castleton,Barry
Green Oak,Livingston
Woodstock,Lenawee
Genoa Charter,Livingston
Clayton,Lenawee
Baltimore,Barry
Howell,Livingston
Ogden,Lenawee
Brighton Charter,Livingston
Hudson,Lenawee
Hope,Barry
Tecumseh,Lenawee
Carlton,Barry
Riga,Lenawee
Cohoctah,Livingston
Cement City,Lenawee
Barry,Barry
Palmyra,Lenawee
Irving,Barry
Hudson,Lenawee
Handy,Livingston
Tyrone,Livingston
Pentland,Luce
Woodland,Barry
Marion,Livingston
Unadilla,Livingston
Columbus,Luce
Fowlerville,Livingston
Thornapple,Barry
Oceola,Livingston
Hastings,Barry
Lakefield,Luce
Rutland Charter,Barry
Brighton,Livingston
Orangeville,Barry
Freeport,Barry
Prairieville,Barry
Newberry,Luce
Mcmillan,Luce
Middleville,Barry
Howell,Livingston
Putnam,Livingston
Yankee Springs,Barry
Woodland,Barry
Hudson,Mackinac
Center Line,Macomb
Chesterfield Charter,Macomb
Ray,Macomb
Warren,Macomb
Memphis,Macomb
St Ignace,Mackinac
Alcona,Alcona
Roseville,Macomb
Mount Clemens,Macomb
Macomb,Macomb
Fraser,Macomb
Washington,Macomb
Richmond,Macomb
Sterling Heights,Macomb
Brown,Manistee
New Baltimore,Macomb
Bruce,Macomb
Eastpointe,Macomb
Limestone,Alger
Onekama,Manistee
Arcadia,Manistee
Filer Charter,Manistee
Norman,Manistee
Romeo,Macomb
Bear Lake,Manistee
Dickson,Manistee
Marilla,Manistee
Maple Grove,Manistee
Mathias,Alger
Springdale,Manistee
Eastlake,Manistee
Stronach,Manistee
Pleasanton,Manistee
Skandia,Marquette
Manistee,Manistee
Kaleva,Manistee
Cleon,Manistee
Manistee,Manistee
Onekama,Manistee
Ewing,Marquette
Ishpeming,Marquette
Tilden,Marquette
Republic,Marquette
Ishpeming,Marquette
Michigamme,Marquette
West Branch,Marquette
Vernon,Shiawassee
Ypsilanti Charter,Washtenaw
Brownstown Charter,Wayne
Plymouth Charter,Wayne
Canton Charter,Wayne
Wexford,Wexford
Redford Charter,Wayne
Antioch,Wexford
Livonia,Wayne
Grosse Pointe Shores City Of The Village Of,Wayne
Allen Park,Wayne
River Rouge,Wayne
Rockwood,Wayne
Gibraltar,Wayne
Lincoln Park,Wayne
Dearborn Heights,Wayne
Huron Charter,Wayne
Selma,Wexford
Romulus,Wayne
Grosse Pointe,Wayne
Garden City,Wayne
Plymouth,Wayne
Dearborn,Wayne
Van Buren Charter,Wayne
Northville Charter,Wayne
Gilead,Branch
Flat Rock,Wayne
Hopkins,Allegan
Southgate,Wayne
Woodhaven,Wayne
Haring Charter,Wexford
Quincy,Branch
Taylor,Wayne
Mesick,Wexford
Wyandotte,Wayne
Liberty,Wexford
Coldwater,Branch
Clam Lake,Wexford
Noble,Branch
Laketown,Allegan
Bethel,Branch
Gun Plain Charter,Allegan
Homer,Calhoun
Union City,Branch
Heath,Allegan
Cedar Creek,Wexford
Sherwood,Branch
Kinderhook,Branch
South Branch,Wexford
California,Branch
Tekonsha,Calhoun
Greenbush,Alcona
Overisel,Allegan
Marengo,Calhoun
Burlington,Calhoun
Sheridan,Calhoun
Pennfield Charter,Calhoun
Bedford Charter,Calhoun
Otsego,Allegan
Clarence,Calhoun
Cadillac,Wexford
Martin,Allegan
Marshall,Calhoun
Saugatuck,Allegan
Albion,Calhoun
Leighton,Allegan
Marshall,Calhoun
Lee,Calhoun
Emmett Charter,Calhoun
Buckley,Wexford
Jefferson,Cass
Newberg,Cass
Dowagiac,Cass
City Of Dexter,Washtenaw
Valley,Allegan
Lagrange,Cass
Douglas Village,Allegan
Cassopolis,Cass
Silver Creek,Cass
Edwardsburg,Cass
Allegan,Allegan
Porter,Cass
Gustin,Alcona
Howard,Cass
Pokagon,Cass
Otsego,Allegan
Bay,Charlevoix
Eveline,Charlevoix
Mackinaw,Cheboygan
Evangeline,Charlevoix
Mentor,Cheboygan
South Arm,Charlevoix
Plainwell,Allegan
Inverness,Cheboygan
Tuscarora,Cheboygan
Wilson,Charlevoix
Boyne Falls,Charlevoix
Nunda,Cheboygan
Koehler,Cheboygan
Cheboygan,Cheboygan
Wayland,Allegan
Beaugrand,Cheboygan
Boyne City,Charlevoix
Mackinaw City,Cheboygan
Harrisville,Alcona
Munro,Cheboygan
Charlevoix,Charlevoix
Grant,Cheboygan
Ellis,Cheboygan
Saugatuck,Allegan
Walker,Cheboygan
Hebron,Cheboygan
Rudyard,Chippewa
Trout Lake,Chippewa
Bruce,Chippewa
Hulbert,Chippewa
Raber,Chippewa
Superior,Chippewa
Chippewa,Chippewa
Detour Village,Chippewa
Sugar Island,Chippewa
Kinross Charter,Chippewa
Dafter,Chippewa
Sault Ste Marie,Chippewa
Soo,Chippewa
Bath Charter,Clinton
Pickford,Chippewa
Whitefish,Chippewa
Grant,Clare
Lincoln,Clare
Dewitt Charter,Clinton
Frederic,Crawford
Greenbush,Clinton
Hayes,Clare
Summerfield,Clare
Fowler,Clinton
Clare,Clare
Grayling,Crawford